embedding	seed	product_dt_f1-micro	product_dt_accuracy	product_dt_time	product_rf_f1-micro	product_rf_accuracy	product_rf_time	tangent_mlp_f1-micro	tangent_mlp_accuracy	tangent_mlp_time	ambient_mlp_f1-micro	ambient_mlp_accuracy	ambient_mlp_time	tangent_gnn_f1-micro	tangent_gnn_accuracy	tangent_gnn_time	ambient_gnn_f1-micro	ambient_gnn_accuracy	ambient_gnn_time
blood_cell_scrna	0	0.1	0.1	0.06439328193664551	0.2	0.2	0.23809504508972168	0.1	0.1	0.7651841640472412	0.1	0.1	0.8466475009918213	0.1	0.1	0.614232063293457	0.0	0.0	0.5787560939788818
lymphoma	0	0.9	0.9	0.022020816802978516	0.8	0.8	0.14711451530456543	0.8	0.8	0.7065167427062988	0.8	0.8	0.7627353668212891	0.8	0.8	0.5606989860534668	0.8	0.8	0.6053459644317627
cifar_100	0	0.2	0.2	0.06203603744506836	0.3	0.3	0.27794551849365234	0.0	0.0	0.7892580032348633	0.2	0.2	0.7865533828735352	0.0	0.0	0.5400733947753906	0.0	0.0	0.5474436283111572
mnist	0	0.3	0.3	0.04003739356994629	0.3	0.3	0.18638038635253906	0.2	0.2	0.6981668472290039	0.3	0.3	0.727414608001709	0.1	0.1	0.5325784683227539	0.0	0.0	0.5392529964447021
