dataset	signature	seed	sklearn_dt_f1-micro	sklearn_dt_f1-macro	sklearn_dt_accuracy	sklearn_dt_time
product_gaussian	HH	0	0.335	0.252691043764408	0.335	0.0028977394104003906
product_gaussian	HE	0	0.315	0.2232646171670562	0.315	0.0023398399353027344
product_gaussian	HS	0	0.33	0.2686879759574821	0.33	0.0026900768280029297
product_gaussian	SS	0	0.245	0.20476147442639475	0.245	0.0025565624237060547
product_gaussian	SE	0	0.315	0.2686331035728327	0.315	0.002290010452270508
product_gaussian	H	0	0.365	0.3391606940405362	0.365	0.0024521350860595703
product_gaussian	E	0	0.35	0.250114427839013	0.35	0.0019290447235107422
product_gaussian	S	0	0.36	0.28947282451795237	0.36	0.0022993087768554688
