dataset	signature	seed	sklearn_dt_f1-micro	sklearn_dt_f1-macro	sklearn_dt_accuracy	sklearn_dt_time
landmasses	S	0	0.82	0.7377622377622377	0.82	0.0013012886047363281
neuron_33	S10	0	0.8490566037735849	0.8455373406193079	0.8490566037735849	0.0015153884887695312
neuron_46	S10	0	0.645	0.6384100226630338	0.645	0.004247903823852539
