dataset	signature	seed	sklearn_dt_f1-micro	sklearn_dt_f1-macro	sklearn_dt_accuracy	sklearn_dt_time
citeseer	HH	0	0.23933649289099526	0.15588133441848798	0.23933649289099526	0.005450725555419922
cora	H	0	0.2676056338028169	0.08010823562062028	0.2676056338028169	0.005519866943359375
polblogs	SS	0	0.9387755102040817	0.9387714299995001	0.9387755102040817	0.003118276596069336
