sklearn_dt_accuracy	sklearn_dt_f1-micro	sklearn_dt_time	sklearn_rf_accuracy	sklearn_rf_f1-micro	sklearn_rf_time	product_dt_accuracy	product_dt_f1-micro	product_dt_time	product_rf_accuracy	product_rf_f1-micro	product_rf_time	single_manifold_rf_accuracy	single_manifold_rf_f1-micro	single_manifold_rf_time	tangent_dt_accuracy	tangent_dt_f1-micro	tangent_dt_time	tangent_rf_accuracy	tangent_rf_f1-micro	tangent_rf_time	knn_accuracy	knn_f1-micro	knn_time	ps_perceptron_accuracy	ps_perceptron_f1-micro	ps_perceptron_time	ambient_gcn_accuracy	ambient_gcn_f1_micro	ambient_gcn_time	tangent_gcn_accuracy	tangent_gcn_f1_micro	tangent_gcn_time	kappa_gcn_accuracy	kappa_gcn_f1_micro	kappa_gcn_time	ambient_mlp_accuracy	ambient_mlp_f1_micro	ambient_mlp_time	tangent_mlp_accuracy	tangent_mlp_f1_micro	tangent_mlp_time	ambient_mlr_accuracy	ambient_mlr_f1_micro	ambient_mlr_time	tangent_mlr_accuracy	tangent_mlr_f1_micro	tangent_mlr_time	kappa_mlr_accuracy	kappa_mlr_f1_micro	kappa_mlr_time	d_avg	dataset
0.9635890767230169	0.9635890767230169	0.002017974853515625	0.9427828348504551	0.9427828348504551	0.03528618812561035	0.9609882964889467	0.9609882964889467	0.04079461097717285	0.9206762028608583	0.9206762028608583	0.6200344562530518	0.9193758127438232	0.9193758127438232	2.0275838375091553	0.9622886866059818	0.9622886866059818	0.001664876937866211	0.9570871261378413	0.9570871261378413	0.03311443328857422	0.9167750325097529	0.9167750325097529	0.006004810333251953	0.9193758127438232	0.9193758127438232	0.011661529541015625	0.9193758368492126	0.9193758127438232	0.14705610275268555	0.9193758368492126	0.9193758127438232	0.46819448471069336	0.9193758368492126	0.9193758127438232	0.4713132381439209	0.9193758368492126	0.9193758127438232	0.45542287826538086	0.9193758368492126	0.9193758127438232	0.45624756813049316	0.9024707078933716	0.9024707412223667	0.08017253875732422	0.9193758368492126	0.9193758127438232	0.07905006408691406	0.9193758368492126	0.9193758127438232	0.4667649269104004		dolphins
