dataset	signature	seed	sklearn_dt_mse	sklearn_dt_rmse	sklearn_dt_time
temperature	S2S	0	79.80494034074358	8.933361088680094	0.001270294189453125
traffic	ESSSS	0	0.2663379481153689	0.5160794009795091	0.0012791156768798828
