dataset	signature	seed	ambient_gnn_mse	ambient_mlp_mse	kappa_gcn_mse	knn_mse	product_dt_mse	product_mlr_mse	product_rf_mse	sklearn_dt_mse	sklearn_rf_mse	tangent_dt_mse	tangent_gnn_mse	tangent_mlp_mse	tangent_rf_mse	ambient_gnn_rmse	ambient_mlp_rmse	kappa_gcn_rmse	knn_rmse	product_dt_rmse	product_mlr_rmse	product_rf_rmse	sklearn_dt_rmse	sklearn_rf_rmse	tangent_dt_rmse	tangent_gnn_rmse	tangent_mlp_rmse	tangent_rf_rmse	ambient_gnn_time	ambient_mlp_time	kappa_gcn_time	knn_time	product_dt_time	product_mlr_time	product_rf_time	sklearn_dt_time	sklearn_rf_time	tangent_dt_time	tangent_gnn_time	tangent_mlp_time	tangent_rf_time
cs_phds	H	0	3910992.5614708997	3910872.3055903576	3911107.601821572	169.0472195121951	266.10498160872515	3911110.097791045	241.7111535528084	365.64883159422754	261.95806795543234	252.05495942505402	3911104.2753809695	3911075.8671640395	243.57082518216728	1977.6229573583787	1977.592552977068	1977.652042656031	13.001816008242661	16.31272453052295	1977.6526736995668	15.547062537753183	19.12194633383923	16.185118719225766	15.876238831192167	1977.6512016483011	1977.6440193230023	15.606755754549607	1.5048468112945557	1.47572660446167	1.3877825736999512	0.003051280975341797	0.09012746810913086	0.652778148651123	0.9437148571014404	0.0019464492797851562	0.032791852951049805	0.001474618911743164	1.3416118621826172	1.0151751041412354	0.033209800720214844
