dataset	signature	seed	ambient_gnn_mse	ambient_mlp_mse	kappa_gcn_mse	knn_mse	product_dt_mse	product_mlr_mse	product_rf_mse	sklearn_dt_mse	sklearn_rf_mse	tangent_dt_mse	tangent_gnn_mse	tangent_mlp_mse	tangent_rf_mse	ambient_gnn_rmse	ambient_mlp_rmse	kappa_gcn_rmse	knn_rmse	product_dt_rmse	product_mlr_rmse	product_rf_rmse	sklearn_dt_rmse	sklearn_rf_rmse	tangent_dt_rmse	tangent_gnn_rmse	tangent_mlp_rmse	tangent_rf_rmse	ambient_gnn_time	ambient_mlp_time	kappa_gcn_time	knn_time	product_dt_time	product_mlr_time	product_rf_time	sklearn_dt_time	sklearn_rf_time	tangent_dt_time	tangent_gnn_time	tangent_mlp_time	tangent_rf_time
temperature	S2S	0	247.57305014551812	599.464800944772		96.31620200000002	35.545466036822944		51.45419588774933	18.020359191871748	15.917651242612097	70.73945762972963	466.47750855577317	466.2080476190847	64.32911110790054	15.734454237294605	24.48397028557199		9.814081821546019	5.962001848106301		7.1731580135773765	4.245039362817705	3.989693126371012	8.410675218419128	21.59809039141593	21.591851417122264	8.020543068140745	1.3183319568634033	0.9496238231658936	2.926225185394287	0.0031168460845947266	0.08910965919494629	1.1737380027770996	1.0276176929473877	0.0012664794921875	0.032025814056396484	0.0009021759033203125	1.3123595714569092	1.0154531002044678	0.03202414512634277
traffic	ESSSS	0	7.973346710205078	7.121331691741943		0.25846007466316223	0.21720996499061584		0.2745087742805481	0.20377256425507975	0.21338144106974077	0.21829794553693616	7.970968723297119	7.194947719573975	0.2062643327438524	2.823711395263672	2.6685824394226074		0.5083897113800049	0.4660578966140747		0.523935854434967	0.4514117458098313	0.46193229056836976	0.4672236568678176	2.8232903480529785	2.682339906692505	0.4541633326721262	1.364588737487793	1.037954330444336	6.437202453613281	0.004311323165893555	0.09914612770080566	2.507286548614502	0.9722812175750732	0.0012617111206054688	0.03245949745178223	0.0008804798126220703	1.347487211227417	1.0331814289093018	0.03342938423156738
