dataset	signature	seed	sklearn_dt_mse	sklearn_dt_rmse	sklearn_dt_time
product_gaussian	HH	0	0.03205979065501099	0.17905248016995182	0.0023145675659179688
product_gaussian	HE	0	0.031190904187259737	0.17660946800004731	0.0019061565399169922
product_gaussian	HS	0	0.036806018589979984	0.191848947325702	0.0021772384643554688
product_gaussian	SS	0	0.034575809421007554	0.18594571632873813	0.00232696533203125
product_gaussian	SE	0	0.03530673231269706	0.18790085766887032	0.001909017562866211
product_gaussian	H	0	0.03452693841500651	0.1858142578356314	0.0020923614501953125
product_gaussian	E	0	0.042860065454969426	0.2070267264267332	0.001592397689819336
product_gaussian	S	0	0.03439193230021095	0.18545061957354295	0.0018649101257324219
